id,department_name
101,Department 101
102,Department 102
103,Department 103
104,Department 104
105,Department 105
106,Department 106
107,Department 107
108,Department 108
109,Department 109
110,Department 110
111,Department 111
112,Department 112
113,Department 113
114,Department 114
115,Department 115
116,Department 116
117,Department 117
118,Department 118
119,Department 119
120,Department 120
121,Department 121
122,Department 122
123,Department 123
124,Department 124
125,Department 125
126,Department 126
127,Department 127
128,Department 128
129,Department 129
130,Department 130
131,Department 131
132,Department 132
133,Department 133
134,Department 134
135,Department 135
136,Department 136
137,Department 137
138,Department 138
139,Department 139
140,Department 140
141,Department 141
142,Department 142
143,Department 143
144,Department 144
145,Department 145
146,Department 146
147,Department 147
148,Department 148
149,Department 149
150,Department 150
151,Department 151
152,Department 152
153,Department 153
154,Department 154
155,Department 155
156,Department 156
157,Department 157
158,Department 158
159,Department 159
160,Department 160
161,Department 161
162,Department 162
163,Department 163
164,Department 164
165,Department 165
166,Department 166
167,Department 167
168,Department 168
169,Department 169
170,Department 170
171,Department 171
172,Department 172
173,Department 173
174,Department 174
175,Department 175
176,Department 176
177,Department 177
178,Department 178
179,Department 179
180,Department 180
181,Department 181
182,Department 182
183,Department 183
184,Department 184
185,Department 185
186,Department 186
187,Department 187
188,Department 188
189,Department 189
190,Department 190
191,Department 191
192,Department 192
193,Department 193
194,Department 194
195,Department 195
196,Department 196
197,Department 197
198,Department 198
199,Department 199
200,Department 200
